-- phpMyAdmin SQL Dump
-- version 5.2.2
-- https://www.phpmyadmin.net/
--
-- Servidor: 127.0.0.1:3306
-- Tiempo de generación: 13-07-2026 a las 19:53:52
-- Versión del servidor: 11.8.8-MariaDB-log
-- Versión de PHP: 7.2.34

SET SQL_MODE = "NO_AUTO_VALUE_ON_ZERO";
START TRANSACTION;
SET time_zone = "+00:00";


/*!40101 SET @OLD_CHARACTER_SET_CLIENT=@@CHARACTER_SET_CLIENT */;
/*!40101 SET @OLD_CHARACTER_SET_RESULTS=@@CHARACTER_SET_RESULTS */;
/*!40101 SET @OLD_COLLATION_CONNECTION=@@COLLATION_CONNECTION */;
/*!40101 SET NAMES utf8mb4 */;

--
-- Base de datos: `u583236171_rev`
--

-- --------------------------------------------------------

--
-- Estructura de tabla para la tabla `administrador`
--

CREATE TABLE `administrador` (
  `nombre_usuario` varchar(20) NOT NULL,
  `contrasena` varchar(255) NOT NULL
) ENGINE=InnoDB DEFAULT CHARSET=utf8mb4 COLLATE=utf8mb4_unicode_ci;

--
-- Volcado de datos para la tabla `administrador`
--

INSERT INTO `administrador` (`nombre_usuario`, `contrasena`) VALUES
('admin', '$2y$10$92IXUNpkjO0rOQ5byMi.Ye4oKoEa3Ro9llC/.og/at2.uheWG/igi');

-- --------------------------------------------------------

--
-- Estructura de tabla para la tabla `indexaciones`
--

CREATE TABLE `indexaciones` (
  `id` int(11) NOT NULL,
  `indexacion` varchar(100) NOT NULL
) ENGINE=InnoDB DEFAULT CHARSET=utf8mb4 COLLATE=utf8mb4_unicode_ci;

--
-- Volcado de datos para la tabla `indexaciones`
--

INSERT INTO `indexaciones` (`id`, `indexacion`) VALUES
(1, 'CINAHL'),
(2, 'Catálogos académicos'),
(3, 'Catálogos institucionales'),
(4, 'Catálogos regionales'),
(5, 'Catálogos universitarios'),
(6, 'Cochrane'),
(7, 'Conahcyt'),
(8, 'DOAJ'),
(9, 'Dialnet'),
(10, 'Directorios académicos'),
(11, 'EMBASE'),
(12, 'ESCI'),
(13, 'Google Scholar'),
(14, 'IMBIOMED'),
(15, 'Index Medicus'),
(16, 'Latindex'),
(17, 'Lilacs'),
(18, 'MEDLINE'),
(19, 'MIAR'),
(20, 'Medigraphic'),
(21, 'Portal institucional universitario'),
(22, 'PsycINFO'),
(23, 'PubMed'),
(24, 'PubMed Central'),
(25, 'PubMed/MEDLINE'),
(26, 'Redalyc'),
(27, 'SCImago'),
(28, 'SciELO'),
(29, 'SciELO México'),
(30, 'ScienceDirect'),
(31, 'Scopus'),
(32, 'Web of Science'),
(33, 'CINAHL'),
(34, 'Catálogos académicos'),
(35, 'Catálogos institucionales'),
(36, 'Catálogos regionales'),
(37, 'Catálogos universitarios'),
(38, 'Cochrane'),
(39, 'Conahcyt'),
(40, 'DOAJ'),
(41, 'Dialnet'),
(42, 'Directorios académicos'),
(43, 'EMBASE'),
(44, 'ESCI'),
(45, 'Google Scholar'),
(46, 'IMBIOMED'),
(47, 'Index Medicus'),
(48, 'Latindex'),
(49, 'Lilacs'),
(50, 'MEDLINE'),
(51, 'MIAR'),
(52, 'Medigraphic'),
(53, 'Portal institucional universitario'),
(54, 'PsycINFO'),
(55, 'PubMed'),
(56, 'PubMed Central'),
(57, 'PubMed/MEDLINE'),
(58, 'Redalyc'),
(59, 'SCImago'),
(60, 'SciELO'),
(61, 'SciELO México'),
(62, 'ScienceDirect'),
(63, 'Scopus'),
(64, 'Web of Science'),
(65, 'CINAHL'),
(66, 'Catálogos académicos'),
(67, 'Catálogos institucionales'),
(68, 'Catálogos regionales'),
(69, 'Catálogos universitarios'),
(70, 'Cochrane'),
(71, 'Conahcyt'),
(72, 'DOAJ'),
(73, 'Dialnet'),
(74, 'Directorios académicos'),
(75, 'EMBASE'),
(76, 'ESCI'),
(77, 'Google Scholar'),
(78, 'IMBIOMED'),
(79, 'Index Medicus'),
(80, 'Latindex'),
(81, 'Lilacs'),
(82, 'MEDLINE'),
(83, 'MIAR'),
(84, 'Medigraphic'),
(85, 'Portal institucional universitario'),
(86, 'PsycINFO'),
(87, 'PubMed'),
(88, 'PubMed Central'),
(89, 'PubMed/MEDLINE'),
(90, 'Redalyc'),
(91, 'SCImago'),
(92, 'SciELO'),
(93, 'SciELO México'),
(94, 'ScienceDirect'),
(95, 'Scopus'),
(96, 'Web of Science');

-- --------------------------------------------------------

--
-- Estructura de tabla para la tabla `revistas`
--

CREATE TABLE `revistas` (
  `id` int(11) NOT NULL,
  `titulo_revista` varchar(300) NOT NULL,
  `cuartil` enum('Q1','Q2','Q3','Q4','SIN ASIGNAR') NOT NULL DEFAULT 'SIN ASIGNAR',
  `idioma` enum('Espanol','Ingles','Portugues','Frances','Otro') NOT NULL,
  `costo` decimal(10,2) NOT NULL DEFAULT 0.00,
  `open_access` tinyint(1) NOT NULL DEFAULT 0,
  `arbitrada` tinyint(1) NOT NULL DEFAULT 0,
  `descripcion` text NOT NULL,
  `enlace` varchar(2083) NOT NULL
) ENGINE=InnoDB DEFAULT CHARSET=utf8mb4 COLLATE=utf8mb4_unicode_ci;

--
-- Volcado de datos para la tabla `revistas`
--

INSERT INTO `revistas` (`id`, `titulo_revista`, `cuartil`, `idioma`, `costo`, `open_access`, `arbitrada`, `descripcion`, `enlace`) VALUES
(184, 'Salud Publica de México', 'Q2', 'Espanol', 0.00, 1, 1, 'Una de las revistas de salud pública más importantes de México y Latinoamérica. Fundada en 1959, pública investigación sobre problemas de salud de la población con enfoque interdisciplinario. Arbitraje doble ciego.', 'https://saludpublica.mx'),
(185, 'Boletín Medico del Hospital Infantil de México', 'Q3', 'Espanol', 0.00, 1, 1, 'publicación oficial del Hospital Infantil de México Federico Gómez. Una de las revistas médicas más antiguas del país. Cubre investigación clínica y básica en pediatría nacional.', 'https://www.bmhim.com'),
(186, 'Cirugía y Cirujanos', 'Q3', 'Espanol', 0.00, 1, 1, 'Órgano oficial de la Academia Mexicana de Cirugía, asesor del Gobierno Federal en materia de salud. Fundada en 1933. Publica en formato bilingüe.', 'https://cirugiaycirujanos.com'),
(187, 'Gaceta Médica de México', 'Q3', 'Espanol', 0.00, 1, 1, 'Una de las publicaciones médicas más antiguas de México, fundada en 1864. Cubre investigación clínica, biomédica y de salud pública. Arbitraje doble ciego.', 'https://www.anmm.org.mx/gaceta'),
(188, 'Salud Mental', 'Q3', 'Espanol', 0.00, 1, 1, 'publicación oficial del Instituto Nacional de Psiquiatría. Es la única revista mexicana de psiquiatría indexada en Web of Science y Scopus.', 'https://www.revistasaludmental.mx'),
(189, 'Archivos de Cardiología de Mexico', 'Q3', 'Espanol', 0.00, 1, 1, 'Órgano oficial de la Sociedad Mexicana de Cardiología. Cubre todas las áreas de la cardiología clínica, intervencionista y básica.', 'https://www.archivoscardiologia.com'),
(190, 'Revista de la Facultad de Medicina UNAM', 'SIN ASIGNAR', 'Espanol', 0.00, 1, 1, 'publicación universitaria de la Facultad de Medicina de la UNAM. Enfocada en la difusión del conocimiento médico con perspectiva educativa.', 'https://www.revistas.unam.mx/index.php/rfm'),
(191, 'Acta Pediátrica de Mexico', 'SIN ASIGNAR', 'Espanol', 0.00, 1, 1, 'Publicación oficial del Instituto Nacional de Pediatria de Mexico. Buena puerta de entrada para publicar en el área médica nacional.', 'https://www.actapediatrica.org.mx'),
(192, 'Revista Mexicana de Medicina Familiar', 'SIN ASIGNAR', 'Espanol', 0.00, 1, 1, 'Revista especializada en medicina de primer nivel de atención. En proceso de Indexación en SciELO, lo que ampliará su visibilidad.', 'https://www.medigraphic.com/rmmf'),
(193, 'Revista Mexicana de Neurociencia', 'SIN ASIGNAR', 'Espanol', 0.00, 1, 1, 'Órgano oficial de la Academia Mexicana de Neurología. Publica investigación en neurociencias básicas y clínicas.', 'https://revmexneuroci.com'),
(194, 'Revista Mexicana de Urología', 'SIN ASIGNAR', 'Espanol', 0.00, 1, 1, 'Órgano oficial de la Sociedad Mexicana de Urología. Cubre urología clínica, oncológica e intervencionista.', 'https://www.revistamexicanadeurologia.com'),
(195, 'Revista de Medicina e Investigación UAEM', 'SIN ASIGNAR', 'Espanol', 0.00, 1, 1, 'Revista universitaria de la UAEM distribuida por Elsevier. Sin costo alguno. Ideal como primera publicación para estudiantes y docentes que inician en investigación.', 'https://www.elsevier.es/es-revista-revista-medicina-e-investigacion-353'),
(196, 'Revista Panamericana de Salud Publica (OPS/PAHO)', 'Q2', 'Otro', 0.00, 1, 1, 'La publicación científica más importante de la OPS. Referente en salud pública latinoamericana. Cuádruple revisión de idiomas. Muy alta visibilidad internacional.', 'https://journal.paho.org/es'),
(197, 'Cadernos de Saude Publica (Brasil)', 'Q1', 'Otro', 0.00, 1, 1, 'Una de las revistas de salud pública más citadas de Latinoamérica. Q1 en Scopus. Publicada por FIOCRUZ. Arbitraje doble ciego.', 'https://www.scielo.br/csp'),
(198, 'Ciencia & Saude Coletiva (Brasil)', 'Q1', 'Otro', 0.00, 1, 1, 'Q1 en Scopus sin APC. Muy activa en temas de inequidad en salud, políticas públicas y determinantes sociales. Publica números temáticos de gran difusión regional.', 'https://www.cienciaesaudecoletiva.com.br'),
(199, 'Revista de Saude Publica (Brasil)', 'Q2', 'Otro', 0.00, 1, 1, 'Una de las revistas más antiguas de Brasil en salud pública. Fundada en 1967. Cubre epidemiología, salud ambiental, ocupacional y política sanitaria.', 'https://www.scielo.br/rsp'),
(200, 'Biomedica (Colombia)', 'Q3', 'Espanol', 0.00, 1, 1, 'Publicación oficial del Instituto Nacional de Salud de Colombia. Enfasis en enfermedades tropicales, virología y salud pública latinoamericana.', 'https://revistabiomedica.org'),
(201, 'Revista de Ciencias de la Salud (Universidad del Rosario)', 'Q3', 'Espanol', 0.00, 1, 1, 'Revista universitaria con buena Indexación para su tipo. Sin APC. Cubre todas las áreas de las ciencias de la salud con enfoque multidisciplinario.', 'https://revistas.urosario.edu.co/index.php/revsalud'),
(202, 'Investigación y Educacion en Enfermeria', 'Q3', 'Otro', 0.00, 1, 1, 'Una de las revistas de enfermería mejor indexadas de Latinoamérica. Acepta artículos en tres idiomas.', 'https://revistas.udea.edu.co/index.php/iee'),
(203, 'Ciencia & Enfermeria', 'Q3', 'Espanol', 0.00, 1, 1, 'Primera revista de enfermería chilena en ingresar a Web of Science y Scopus. Referente regional para la disciplina.', 'https://www.scielo.cl/scielo.php?pid=0717-9553&script=sci_serial'),
(204, 'Epidemiologia e Servicios de Saude (Brasil)', 'Q2', 'Otro', 0.00, 1, 1, 'Destaca por traducir todos los artículos al inglés de forma gratuita. Sin costo alguno para autores ni lectores.', 'https://www.saude.gov.br/ess'),
(205, 'Acta Medica Colombiana', 'SIN ASIGNAR', 'Espanol', 0.00, 1, 1, 'Revista colombiana sin APC. Indexada en Latindex y DOAJ. Buena opción para investigadores hispanohablantes que inician.', 'https://www.actamedicacolombiana.com'),
(206, 'Revista Colombiana de Obstetricia y Ginecologia', 'Q4', 'Espanol', 0.00, 1, 1, 'Revista de referencia en gineco-obstetricia latinoamericana. Sin costo. Acepta guias de practica clínica y consensos.', 'https://revista.fecolsog.org'),
(207, 'Medicina (Buenos Aires)', 'Q4', 'Espanol', 0.00, 1, 1, 'Una de las revistas médicas más antiguas de Argentina, fundada en 1939. Indexada en PubMed y Scopus.', 'https://www.medicinabuenosaires.com'),
(208, 'Revista Medica de Chile', 'Q3', 'Espanol', 0.00, 1, 1, 'Fundada en 1872, es una de las revistas médicas más antiguas de Latinoamérica. Indexada en PubMed, Scopus y WoS.', 'https://www.revistamedicadechile.cl'),
(209, 'The Lancet', 'Q1', 'Ingles', 0.00, 0, 1, 'Revista médica de referencia internacional con los más altos estandares de revisión. Fundada en 1823.', 'https://www.thelancet.com'),
(210, 'BMJ (British Medical Journal)', 'Q1', 'Ingles', 4500.00, 1, 1, 'Segunda revista médica general más importante del mundo. Fundada en 1840. Alta visibilidad global.', 'https://www.bmj.com'),
(211, 'JAMA (Journal of the American Medical Association)', 'Q1', 'Ingles', 3000.00, 0, 1, 'Una de las tres grandes revistas médicas mundiales. Fundada en 1883. Requiere registro de ensayos clínicos previo a publicación.', 'https://jamanetwork.com/journals/jama'),
(212, 'New England Journal of Medicine (NEJM)', 'Q1', 'Ingles', 6000.00, 0, 1, 'La revista con mayor factor de impacto en medicina. Fundada en 1812. Representa el tope de la publicación médica internacional.', 'https://www.nejm.org'),
(213, 'PLOS Medicine', 'Q1', 'Ingles', 3500.00, 1, 1, '100% open access. Publicada por PLOS, editorial sin fines de lucro. Evalua la solidez metodologica del artículo, no su potencial impacto.', 'https://journals.plos.org/plosmedicine'),
(214, 'PLOS ONE', 'Q2', 'Ingles', 1895.00, 1, 1, 'La revista con mayor número de artículos publicados en el mundo. Evalua validez científica, no potencial impacto. Waivers disponibles para Mexico.', 'https://journals.plos.org/plosone'),
(215, 'BMC Public Health', 'Q1', 'Ingles', 2790.00, 1, 1, 'Parte de la familia BioMed Central de Springer Nature. Q1 en Scopus. Activa en determinantes sociales de salud y epidemiología comunitaria.', 'https://bmcpublichealth.biomedcentral.com'),
(216, 'BMC Medicine', 'Q1', 'Ingles', 3290.00, 1, 1, 'Revista flagship de BioMed Central. Alto factor de impacto. Enfocada en investigación translacional de relevancia clínica directa.', 'https://bmcmedicine.biomedcentral.com'),
(217, 'Journal of Global Health', 'Q1', 'Ingles', 0.00, 1, 1, 'Revista Q1 sin APC, caso poco común. Excelente para investigación sobre desigualdades globales en salud y salud materno-infantil.', 'https://jogh.org'),
(218, 'Global Health: Science and Practice', 'Q2', 'Ingles', 0.00, 1, 1, 'Ideal para investigación operacional y de implementación en salud global. Sin APC. Acepta lecciones aprendidas, formato que facilita publicar experiencias de campo.', 'https://www.ghspjournal.org'),
(219, 'Bulletin of the World Health Organization (OMS)', 'Q1', 'Ingles', 0.00, 1, 1, 'Publicación oficial de la OMS. Q1 sin APC. Prioriza investigación de paises en desarrollo. Resumenes en seis idiomas.', 'https://www.who.int/bulletin'),
(220, 'Frontiers in Public Health', 'Q2', 'Ingles', 1300.00, 1, 1, 'Modelo de revisión abierta donde los revisores son identificados. Proceso editorial rápido. Popular entre investigadores de Latinoamérica.', 'https://www.frontiersin.org/journals/public-health'),
(221, 'Frontiers in Medicine', 'Q2', 'Ingles', 2950.00, 1, 1, 'Q2 con tasa de aceptacion relativamente alta. Evalua validez científica, no impacto esperado. Cubre un amplio espectro de medicina clínica.', 'https://www.frontiersin.org/journals/medicine'),
(222, 'International Journal of Environmental Research and Public Health (IJERPH)', 'Q2', 'Ingles', 3600.00, 1, 1, 'Una de las revistas MDPI más activas. Proceso editorial ágil. Cubre salud ambiental, ocupacional y comunitaria.', 'https://www.mdpi.com/journal/ijerph'),
(223, 'Nutrients', 'Q1', 'Ingles', 3600.00, 1, 1, 'Revista Q1 especializada en nutrición. Alta demanda para estudios dietéticos, nutraceuticos y epidemiología nutricional.', 'https://www.mdpi.com/journal/nutrients'),
(224, 'International Journal of Clinical and Health Psychology', 'Q1', 'Otro', 0.00, 1, 1, 'Caso excepcional: Q1 en Scopus y WoS sin ninguna APC. Acepta en español. Ideal para investigación en psicología de la salud y salud mental de autores hispanohablantes.', 'https://www.ijchp.net'),
(225, 'Journal of Epidemiology and Community Health', 'Q1', 'Ingles', 3750.00, 0, 1, 'Revista BMJ especializada en epidemiología social. Cubre determinantes sociales, desigualdades en salud y salud urbana.', 'https://jech.bmj.com'),
(226, 'American Journal of Public Health (AJPH)', 'Q1', 'Ingles', 3100.00, 0, 1, 'Referente en salud pública desde 1911. Publicación oficial de la APHA. Muy influyente en política de salud.', 'https://ajph.aphapublications.org'),
(227, 'Social Science & Medicine', 'Q1', 'Ingles', 3450.00, 0, 1, 'Referente en ciencias sociales aplicadas a la salud. Acepta metodología cualitativa, cuantitativa y mixta. Muy citada en salud pública.', 'https://www.journals.elsevier.com/social-science-and-medicine'),
(228, 'Health Policy and Planning', 'Q1', 'Ingles', 2800.00, 1, 1, 'Especializada en investigación de sistemas y políticas sanitarias. Publicada por Oxford. Relevante para estudios sobre política de salud latinoamericana.', 'https://academic.oup.com/heapol'),
(229, 'Tropical Medicine & International Health', 'Q2', 'Ingles', 4400.00, 0, 1, 'Ideal para enfermedades tropicales como dengue, malaria y parasitosis. Relevante para investigación en regiones tropicales de Mexico.', 'https://onlinelibrary.wiley.com/journal/13653156'),
(230, 'Journal of Infectious Diseases', 'Q1', 'Ingles', 3500.00, 0, 1, 'Publicación oficial de la IDSA. Referente en virología, bacteriología e inmunología infecciosa.', 'https://academic.oup.com/jid'),
(231, 'Revista Española de Salud Publica', 'Q3', 'Espanol', 0.00, 1, 1, 'Gratuita e indexada en PubMed. Buena opción para autores hispanohablantes sin costo de publicación.', 'https://scielo.isciii.es/scielo.php?pid=1135-5727&script=sci_serial'),
(232, 'Gaceta Sanitaria', 'Q2', 'Espanol', 0.00, 1, 1, 'Revista Q2 en español sin APC, indexada en PubMed y WoS. Muy recomendada para investigadores de Latinoamérica.', 'https://www.gacetasanitaria.org'),
(233, 'Atencion Primaria', 'Q3', 'Espanol', 0.00, 0, 1, 'Referente en medicina familiar hispanohablante. Sin APC e indexada en PubMed. Acepta investigación en primer nivel de atención con relevancia latinoamericana.', 'https://www.elsevier.es/es-revista-atencion-primaria-27'),
(234, 'Journal of Health, Population and Nutrition', 'Q2', 'Ingles', 0.00, 1, 1, 'Q2 sin APC. Parte de BioMed Central/Springer Nature. Enfocada en nutrición comunitaria y salud en paises en desarrollo.', 'https://jhpn.biomedcentral.com'),
(235, 'Scientific Reports', 'Q1', 'Ingles', 2500.00, 1, 1, 'Revista multidisciplinaria de acceso abierto de Nature Portfolio, centrada en ciencias naturales.', 'https://www.nature.com/srep/'),
(236, 'Heliyon', 'Q2', 'Ingles', 2160.00, 1, 1, 'Revista multidisciplinaria de acceso abierto de Elsevier.', 'https://www.heliyon.com/'),
(237, 'Frontiers in Science', 'Q2', 'Ingles', 3250.00, 1, 1, 'Revista de Frontiers enfocada en investigación científica.', 'https://www.frontiersin.org/journals/science'),
(238, 'Journal of Multidisciplinary Studies', 'SIN ASIGNAR', 'Ingles', 30.00, 0, 0, 'Revista multidisciplinaria enfocada en diversas áreas del conocimiento.', 'https://www.jmds.org/'),
(239, 'BMJ Open', 'Q1', 'Ingles', 2900.00, 1, 1, 'Revista de acceso abierto con revisión por pares y cobertura biomédica amplia.', 'https://bmjopen.bmj.com/'),
(240, 'Nature Communications', 'Q1', 'Ingles', 6290.00, 1, 1, 'Revista de acceso abierto de alto impacto de Nature.', 'https://www.nature.com/ncomms'),
(241, 'Science Advances', 'Q1', 'Ingles', 5450.00, 1, 1, 'Revista multidisciplinaria abierta de AAAS.', 'https://www.science.org/doi/journal/sadv'),
(242, 'PLOS Biology', 'Q1', 'Ingles', 5500.00, 1, 1, 'Revista de alto impacto en ciencias biológicas.', 'https://journals.plos.org/plosbiology'),
(243, 'eLife', 'SIN ASIGNAR', 'Ingles', 2500.00, 1, 1, 'Revista científica de biología y medicina.', 'https://elifesciences.org/'),
(244, 'Revista Colombiana de Ciencias Multidisciplinarias', 'Q3', 'Espanol', 0.00, 1, 1, 'Revista académica de la Universidad Nacional de Colombia.', 'https://revistas.unal.edu.co/index.php/multidisciplinarias'),
(245, 'Ciencia y Multidisciplinariedad', 'Q2', 'Espanol', 0.00, 1, 1, 'Revista universitaria enfocada en temas multidisciplinarios.', 'https://revistas.udantioquia.edu.co/ciencia-multidisciplinariedad'),
(246, 'Revista Multidisciplinar Latinoamericana', 'Q3', 'Espanol', 0.00, 1, 1, 'Revista latinoamericana de enfoque multidisciplinario.', 'https://revistas.univalle.edu.co/multidisciplinar'),
(247, 'Investigaciones Multidisciplinarias', 'Q2', 'Espanol', 0.00, 1, 1, 'Revista institucional orientada a investigación multidisciplinaria.', 'https://revistas.ubjt.edu.co/investigaciones-multidisciplinarias'),
(248, 'PLOS Computational Biology', 'Q1', 'Ingles', 4000.00, 1, 1, 'Revista dedicada a biología computacional y modelado biológico.', 'https://journals.plos.org/ploscompbiol'),
(249, 'PLOS Genetics', 'Q1', 'Ingles', 5000.00, 1, 1, 'Revista centrada en genética y genómica.', 'https://journals.plos.org/plosgenetics'),
(250, 'PLOS Neglected Tropical Diseases', 'Q1', 'Ingles', 3700.00, 1, 1, 'Revista enfocada en salud global y enfermedades tropicales.', 'https://journals.plos.org/plosntds'),
(251, 'Frontiers in Genetics', 'Q1', 'Ingles', 3900.00, 1, 1, 'Revista de Frontiers especializada en genética.', 'https://www.frontiersin.org/journals/genetics'),
(252, 'Frontiers in Immunology', 'Q1', 'Ingles', 4200.00, 1, 1, 'Revista de inmunología de acceso abierto.', 'https://www.frontiersin.org/journals/immunology'),
(253, 'Frontiers in Microbiology', 'Q1', 'Ingles', 3900.00, 1, 1, 'Revista especializada en microbiología.', 'https://www.frontiersin.org/journals/microbiology'),
(254, 'Frontiers in Cell and Developmental Biology', 'Q1', 'Ingles', 4200.00, 1, 1, 'Revista de biología celular y del desarrollo.', 'https://www.frontiersin.org/journals/cell-dev-biol'),
(255, 'Frontiers in Molecular Neuroscience', 'Q1', 'Ingles', 4200.00, 1, 1, 'Revista especializada en neurociencia molecular.', 'https://www.frontiersin.org/journals/molecular-neuroscience'),
(256, 'Frontiers in Physiology', 'Q1', 'Ingles', 4000.00, 1, 1, 'Revista enfocada en fisiología.', 'https://www.frontiersin.org/journals/physiology'),
(257, 'Frontiers in Plant Science', 'Q1', 'Ingles', 4000.00, 1, 1, 'Revista de ciencias vegetales.', 'https://www.frontiersin.org/journals/plant-science'),
(258, 'Frontiers in Psychology', 'Q1', 'Ingles', 3700.00, 1, 1, 'Revista de psicología de acceso abierto.', 'https://www.frontiersin.org/journals/psychology'),
(259, 'Frontiers in Environmental Science', 'Q1', 'Ingles', 3900.00, 1, 1, 'Revista centrada en ciencias ambientales.', 'https://www.frontiersin.org/journals/environmental-science'),
(260, 'Revista Mexicana de Investigación Educativa (RMIE)', 'Q3', 'Espanol', 0.00, 1, 1, 'Revista líder en México sobre hallazgos empíricos del sistema educativo.', 'https://ojs.rmie.mx/index.php/rmie'),
(261, 'Revista Electrónica de Investigación Educativa (REDIE)', 'Q2', 'Espanol', 0.00, 1, 1, 'Publica artículos de investigación teórica y empírica vinculada a la práctica educativa.', 'https://redie.uabc.mx/redie'),
(262, 'Perfiles Educativos', 'Q3', 'Espanol', 0.00, 1, 1, 'Una de las revistas más antiguas y prestigiosas de México en ciencias de la educación.', 'https://perfileseducativos.unam.mx/'),
(263, 'Computers & Education', 'Q1', 'Ingles', 3150.00, 0, 1, 'Revista de máximo impacto global en la integración de tecnologías digitales en la educación.', 'https://www.journals.elsevier.com/computers-and-education'),
(264, 'Educational Research Review', 'Q1', 'Ingles', 2950.00, 0, 1, 'Especializada exclusivamente en revisiones críticas de literatura educativa mundial.', 'https://www.journals.elsevier.com/educational-research-review'),
(265, 'Revista Iberoamericana de Educación Superior (RIES)', 'Q3', 'Otro', 0.00, 1, 1, 'Enfocada en el análisis de las políticas, gobierno y financiamiento de la educación superior.', 'https://www.ries.universia.unam.mx/'),
(266, 'Harvard Educational Review', 'Q1', 'Ingles', 2500.00, 0, 1, 'Revista de gran prestigio histórico que modela el debate sobre políticas públicas educativas.', 'https://www.harvardeducationalreview.org/'),
(267, 'Revista Complutense de Educación', 'Q2', 'Espanol', 0.00, 0, 1, 'Espacio de difusión para la investigación empírica en el ámbito escolar y pedagógico.', 'https://revistas.ucm.es/index.php/RCED'),
(268, 'Learning and Instruction', 'Q1', 'Ingles', 3200.00, 0, 1, 'Revista oficial de la European Association for Research on Learning and Instruction.', 'https://www.journals.elsevier.com/learning-and-instruction'),
(269, 'Educatio Siglo XXI', 'Q3', 'Espanol', 0.00, 0, 1, 'Publicación abierta con monográficos dedicados a temáticas actuales de las aulas teóricas.', 'https://revistas.um.es/educatio'),
(270, 'American Educational Research Journal', 'Q1', 'Ingles', 3400.00, 0, 1, 'La revista insignia de la American Educational Research Association.', 'https://journals.sagepub.com/home/aer'),
(271, 'Revista de Educación', 'Q2', 'Espanol', 0.00, 0, 1, 'Revista oficial del estado español para la difusión de investigación en políticas públicas.', 'http://www.educacionyfp.gob.es/revista-de-educacion'),
(272, 'Review of Educational Research', 'Q1', 'Ingles', 3500.00, 0, 1, 'Frecuentemente rankeada como la #1 en impacto mundial dentro del área educativa.', 'https://journals.sagepub.com/home/rer'),
(273, 'Innovación Educativa', 'Q4', 'Espanol', 0.00, 0, 1, 'Dedicada a las nuevas metodologías de enseñanza, tecnologías y gestión institucional.', 'http://www.innovacion.ipn.mx/'),
(274, 'Educational Technology Research and Development', 'Q1', 'Ingles', 2850.00, 0, 1, 'Única revista centrada completamente en la investigación teórica del diseño instruccional.', 'https://www.springer.com/journal/11423'),
(275, 'Computers in the Schools', 'Q2', 'Ingles', 2600.00, 0, 1, 'Especializada en el uso práctico de herramientas digitales y computacionales en aulas de educación básica.', 'https://www.tandfonline.com/toc/wcis20/current'),
(276, 'Journal of Educational Psychology', 'Q1', 'Ingles', 3000.00, 0, 1, 'Líder global en procesos cognitivos, motivación y desarrollo psicológico escolar.', 'https://www.apa.org/pubs/journals/edu'),
(277, 'Apertura', 'Q4', 'Espanol', 0.00, 0, 1, 'Especializada en ambientes virtuales de aprendizaje y educación no convencional.', 'http://www.udgvirtual.udg.mx/apertura/'),
(278, 'British Journal of Educational Technology (BJET)', 'Q1', 'Ingles', 3100.00, 0, 1, 'Revista líder en Europa para la aplicación de TICs en sistemas educativos formales.', 'https://bera-journals.onlinelibrary.wiley.com/journal/14678535'),
(279, 'Revista Latinoamericana de Estudios Educativos', 'SIN ASIGNAR', 'Espanol', 0.00, 1, 1, 'Histórica revista dedicada a la equidad social, educación popular y exclusión.', 'https://rlee.ibero.mx/'),
(280, 'Teaching and Teacher Education', 'Q1', 'Ingles', 2700.00, 1, 1, 'Enfocada en el bienestar, desarrollo profesional y políticas de empleo para profesores.', 'https://www.journals.elsevier.com/teaching-and-teacher-education'),
(281, 'Revista Iberoamericana de Educación (RIE)', 'Q3', 'Otro', 0.00, 1, 1, 'Fomenta el intercambio de reformas estructurales educativas en toda Latinoamérica.', 'https://rieoei.org/'),
(282, 'Revista Iberoamericana de Tecnología en Educación y Educación en Tecnología (TE&ET)', 'Q3', 'Otro', 0.00, 1, 1, 'Enfocada en la integración de TICs en sistemas educativos y desarrollo de software para la enseñanza en la región iberoamericana.', 'https://teyet-revista.info.unlp.edu.ar/'),
(283, 'Sinéctica', 'Q4', 'Espanol', 0.00, 1, 1, 'Promueve una visión crítica y transformadora de la práctica de los educadores.', 'https://sinectica.iteso.mx/'),
(284, 'International Journal of Educational Technology in Higher Ed.', 'Q1', 'Ingles', 1950.00, 1, 1, 'Analiza el impacto disruptivo de la tecnología en el entorno universitario.', 'https://educationaltechnologyjournal.springeropen.com/'),
(285, 'Revista Interuniversitaria de Formación del Profesorado (RIFOP)', 'Q2', 'Espanol', 0.00, 1, 1, 'Centrada en la formación inicial, continua, desarrollo profesional y competencias del cuerpo docente.', 'https://recyt.fecyt.es/index.php/RIFOP'),
(286, 'RIDE Revista Iberoamericana para la Investigación Educativa', 'SIN ASIGNAR', 'Espanol', 0.00, 1, 1, 'Plataforma ágil enfocada a la publicación de docentes y alumnos de posgrado latinoamericanos.', 'https://www.ride.org.mx/index.php/RIDE'),
(287, 'Sociology of Education', 'Q1', 'Ingles', 3100.00, 0, 1, 'Analiza cómo interactúan las estructuras sociales con el rendimiento escolar.', 'https://journals.sagepub.com/home/soe'),
(288, 'Revista de Investigación Educativa (RIE-UM)', 'Q2', 'Espanol', 0.00, 1, 1, 'Revista de referencia institucional para métodos cuantitativos y cualitativos aplicados.', 'https://revistas.um.es/rie'),
(289, 'Journal of Research in Science Teaching', 'Q1', 'Ingles', 2900.00, 0, 1, 'La revista oficial de la National Association for Research in Science Teaching (NARST).', 'https://onlinelibrary.wiley.com/journal/10982736'),
(290, 'Alteridad', 'Q2', 'Espanol', 0.00, 1, 1, 'Foco interdisciplinar en filosofías de la educación y realidades sociales excluidas.', 'https://alteridad.ups.edu.ec/'),
(291, 'Early Childhood Research Quarterly', 'Q1', 'Ingles', 2600.00, 0, 1, 'Líder global en estudios empíricos sobre la infancia temprana y estimulación de 0 a 8 años.', 'https://www.journals.elsevier.com/early-childhood-research-quarterly'),
(292, 'Revista Latinoamericana de Investigación en Matemática Educativa', 'Q4', 'Espanol', 0.00, 1, 1, 'Revista especializada de nicho para la enseñanza de álgebra, cálculo y geometría.', 'http://www.relime.org/'),
(293, 'Higher Education', 'Q1', 'Ingles', 2800.00, 0, 1, 'Analiza sistemas universitarios públicos y privados desde un enfoque global comparativo.', 'https://www.springer.com/journal/10734'),
(294, 'Magis, Revista Internacional de Investigación en Educación', 'Q3', 'Espanol', 0.00, 1, 1, 'Destaca por sus altos estándares de diseño editorial y solidez en metodologías mixtas.', 'https://revistas.javeriana.edu.co/index.php/MAGIS'),
(295, 'Curriculum Inquiry', 'Q2', 'Ingles', 2400.00, 0, 1, 'Dedicada al estudio profundo del diseño curricular, planes de estudio e ideologías en el aula.', 'https://www.tandfonline.com/toc/rcui20/current'),
(296, 'Revista Educación', 'Q4', 'Espanol', 0.00, 1, 1, 'Una de las revistas centroamericanas más estables y amigables con investigadores jóvenes.', 'https://revistas.ucr.ac.cr/index.php/educacion'),
(297, 'Journal of Learning Analytics', 'Q2', 'Ingles', 0.00, 1, 1, 'Enfocada en el uso de Big Data y minería de datos aplicada al seguimiento de alumnos.', 'https://learning-analytics.info/'),
(298, 'Ensaio: Avaliação e Políticas Públicas em Educação', 'Q2', 'Otro', 0.00, 1, 1, 'Especializada en métricas de evaluación del aprendizaje institucional y estatal.', 'https://www.scielo.br/j/ensaio/'),
(299, 'Qualitative Research in Education', 'Q2', 'Espanol', 0.00, 1, 1, 'Especializada en enfoques cualitativos puros: entrevistas, grupos focales e historias de vida.', 'https://hipatiapress.com/hpjournals/index.php/qre'),
(300, 'Revista Digital de Investigación en Docencia Universitaria', 'Q3', 'Espanol', 0.00, 1, 1, 'Centrada en los retos didácticos y competencias del docente en el siglo XXI.', 'https://revistas.uned.ac.cr/index.php/innovaciones'),
(301, 'Educational Assessment', 'Q2', 'Ingles', 2550.00, 0, 1, 'Dedicada a las teorías psicométricas y desarrollo de exámenes estandarizados.', 'https://www.tandfonline.com/toc/HEDA20/current'),
(302, 'CPU-e, Revista de Investigación Educativa', 'SIN ASIGNAR', 'Espanol', 0.00, 1, 1, 'Espacio académico flexible que publica estados del arte y avances de tesis de posgrado.', 'https://cpue.uv.mx/index.php/cpue'),
(303, 'Journal of Digital Learning in Teacher Education', 'Q2', 'Ingles', 2450.00, 0, 1, 'Investiga modelos y estrategias para preparar a los futuros profesores en competencias y entornos digitales.', 'https://www.tandfonline.com/toc/ujdl20/current'),
(304, 'Revista de Educación a Distancia (RED)', 'Q1', 'Espanol', 0.00, 1, 1, 'Altamente citada en ambientes de aprendizaje híbrido, gamificación y MOOCs.', 'https://revistas.um.es/red'),
(305, 'International Journal of STEM Education', 'Q1', 'Ingles', 2190.00, 1, 1, 'Líder mundial en la investigación de la enseñanza integrada de Ciencias, Tecnología, Ingeniería y Matemáticas.', 'https://stemeducationjournal.springeropen.com/'),
(306, 'Studies in Higher Education', 'Q1', 'Ingles', 3300.00, 0, 1, 'Analiza de manera profunda la identidad del estudiante universitario y cambios institucionales.', 'https://www.tandfonline.com/toc/cshe20/current'),
(307, 'Revista Electrónica Educare', 'Q3', 'Espanol', 0.00, 1, 1, 'Revista continua de acceso abierto absoluto, muy bien valorada por su amabilidad en dictamen.', 'https://www.revistas.una.ac.cr/index.php/educare'),
(308, 'Revista Latinoamericana de Tecnología Educativa (RELATEC)', 'Q3', 'Espanol', 0.00, 1, 1, 'Promueve la investigación y difusión abierta sobre software educativo, e-learning y alfabetización digital.', 'https://relatec.unex.es/'),
(309, 'Innovaciones Educativas', 'SIN ASIGNAR', 'Espanol', 0.00, 1, 1, 'Orientada a la difusión de experiencias directas en el aula para la mejora continua.', 'https://revistas.uned.ac.cr/index.php/innovaciones'),
(310, 'IEEE Transactions on Pattern Analysis and Machine Intelligence', 'Q1', 'Ingles', 2300.00, 0, 1, 'Revista líder en IA, visión por computadora y análisis de patrones', 'https://ieeexplore.ieee.org/xpl/RecentIssue.jsp?punumber=3468  '),
(311, 'IEEE Transactions on Neural Networks', 'Q1', 'Ingles', 2300.00, 0, 1, 'Publica investigación en redes neuronales y aprendizaje profundo', 'https://ieeexplore.ieee.org/xpl/RecentIssue.jsp?punumber=23  '),
(312, 'IEEE Transactions on Software Engineering', 'Q1', 'Ingles', 2300.00, 0, 1, 'Enfoque en ingeniería de software, métodos y calidad', 'https://ieeexplore.ieee.org/xpl/RecentIssue.jsp?punumber=32  '),
(313, 'IEEE Transactions on Image Processing', 'Q1', 'Ingles', 2300.00, 0, 1, 'Cubre procesamiento, análisis y mejora de imágenes', 'https://ieeexplore.ieee.org/xpl/RecentIssue.jsp?punumber=83 '),
(314, 'IEEE Transactions on Mobile Computing', 'Q1', 'Ingles', 2300.00, 0, 1, 'Movilidad, redes inalámbricas y computación móvil', 'https://ieeexplore.ieee.org/xpl/RecentIssue.jsp?punumber=79 '),
(315, 'IEEE Transactions on Information Theory', 'Q1', 'Ingles', 2300.00, 0, 1, 'Fundamentos teóricos de la información y codificación', 'https://ieeexplore.ieee.org/xpl/RecentIssue.jsp?punumber=18 '),
(316, 'IEEE Wireless Communications', 'Q1', 'Ingles', 2300.00, 0, 1, 'Tendencias y aplicaciones en comunicaciones inálambricas', 'https://ieeexplore.ieee.org/xpl/RecentIssue.jsp?punumber=79'),
(317, 'IEEE Transactions on Fuzzy Systems', 'Q1', 'Ingles', 2300.00, 0, 1, 'Sistemas difusos, control e inteligencia computacional', 'https://ieeexplore.ieee.org/xpl/RecentIssue.jsp?punumber=91'),
(318, 'IEEE Transactions on Industrial Electronics', 'Q1', 'Ingles', 2300.00, 0, 1, 'Electrónica industrial, automatización y control', 'https://ieeexplore.ieee.org/xpl/RecentIssue.jsp?punumber=41'),
(319, 'IEEE Transactions on Automatic Control', 'Q1', 'Ingles', 2300.00, 0, 1, 'Teoría y aplicaciones de control automático', 'https://ieeexplore.ieee.org/xpl/RecentIssue.jsp?punumber=9'),
(320, 'ACM Transactions on Software Engineering and Methodology', 'Q1', 'Ingles', 1800.00, 1, 1, 'Ingeniería en software, procesos y metodologías', 'http://tosem.acm.org/ '),
(321, 'ACM Transactions on Graphics', 'Q1', 'Ingles', 1800.00, 1, 1, 'Gráficos por computadora, visualización y animación', 'http://www.acm.org/tog/ '),
(322, 'ACM Computing Surveys', 'Q1', 'Ingles', 1800.00, 1, 1, 'Artículos de revisión exhaustivos en informática', 'https://dl.acm.org/journal/csur '),
(323, 'Journal of Machine Learning Research (JMLR)', 'Q1', 'Ingles', 0.00, 1, 1, 'Revista abierta especializada en aprendizaje automático', 'https://www.jmlr.org'),
(324, 'Artificial Intelligence', 'Q1', 'Ingles', 4050.00, 0, 1, 'Investigación teórica y aplicada en IA', 'https://www.sciencedirect.com/journal/artificial-intelligence '),
(325, 'Machine Learning', 'Q1', 'Ingles', 2990.00, 0, 1, 'Algoritmos y teoría de aprendizaje automático', 'https://www.springer.com/journal/10997'),
(326, 'Computational Linguistics', 'Q1', 'Ingles', 0.00, 1, 1, 'Procesamiento del lenguaje natural y lingüística computacional', 'https://cljournal.org'),
(327, 'International Journal of Computer Vision', 'Q1', 'Ingles', 2050.00, 0, 1, 'Visión por computadora y reconocimiento de patrones', 'https://www.editorialmanager.com/visi/default.aspx '),
(328, 'IEEE Pervasive Computing', 'Q1', 'Ingles', 2995.00, 0, 1, 'Computación ubicua, sensores y sistemas pervasivos', 'https://ieeexplore.ieee.org/xpl/RecentIssue.jsp?punumber=6352'),
(329, 'IEEE Network', 'Q1', 'Ingles', 2800.00, 0, 1, 'Tecnologías, arquitecturas y gestión de redes', 'https://ieeexplore.ieee.org/xpl/RecentIssue.jsp?punumber=64'),
(330, 'Revista Cubana de Ciencias Informáticas', 'Q3', 'Espanol', 0.00, 1, 1, 'Publica investigaciones en informática, software y ciencias de la computación', 'http://scielo.sld.cu/revistas/rcci/eaboutj.htm'),
(331, 'Revista Peruana de Computación y Sistemas', 'Q4', 'Espanol', 0.00, 1, 1, 'Difunde trabajos en computación, sistemas e información aplicada', 'https://revistasinvestigacion.unmsm.edu.pe/index.php/rpcsis/index'),
(332, 'Ingenius. Revista de Ciencia y Tecnología', 'Q3', 'Espanol', 0.00, 1, 1, 'Revista multidisciplinaria con énfasis en ingeniería y tecnología', 'https://ingenius.ups.edu.ec/ingenius/ '),
(333, 'Conciencia Tecnológica', 'Q3', 'Espanol', 0.00, 1, 1, 'Publica artículos sobre tecnología e ingeniería aplicada', 'https://www.latindex.org/latindex/ficha/4619 '),
(334, 'Revista de Tecnología', 'Q4', 'Espanol', 0.00, 1, 1, 'Revista académica de ingeniería y tecnología con enfoque regional', 'https://www.tecnologia-ciencia-educacion.com/index.php/TCE '),
(335, 'TecnoLógicas', 'Q3', 'Espanol', 0.00, 1, 1, 'Revista orientada a ingeniería, innovación y desarrollo tecnológico', 'https://revistas.itm.edu.co/index.php/tecnologicas/index'),
(336, 'Ingeniería y Competitividad', 'Q4', 'Espanol', 0.00, 1, 1, 'Incluye investigaciones tecnológicas e ingenieriles con aplicación práctica', 'https://revistaingenieria.univalle.edu.co '),
(337, 'Revista Electrónica Gestión de las Personas y Tecnología', 'Q4', 'Espanol', 0.00, 1, 1, 'Trata gestión, innovación y tecnología en entornos organizacionales', 'https://doaj.org/toc/0718-5693 '),
(338, 'Revista Científica Ingeniería y Desarrollo', 'Q3', 'Espanol', 0.00, 1, 1, 'Publica resultados de investigación en ingeniería y desarrollo tecnológico', 'https://rcientificas.uninorte.edu.co/index.php/ingenieria '),
(339, 'Revista Iberoamericana de Tecnologías del Aprendizaje', 'Q2', 'Espanol', 0.00, 1, 1, 'Aborda tecnología educativa y uso de TIC en aprendizaje', 'https://vaep-rita.org/es/home-espanol/'),
(340, 'Pixel-Bit, Revista de Medios y Educación', 'Q3', 'Espanol', 0.00, 1, 1, 'Centrada en medios, educación y tecnología educativa', 'https://recyt.fecyt.es/index.php/pixel '),
(341, 'EDUTEC', 'Q3', 'Espanol', 0.00, 1, 1, 'Publica investigación sobre tecnología educativa y e-learning', 'https://www.edutec.es/revista/index.php/edutec-e '),
(342, 'RUSC', 'Q3', 'Espanol', 0.00, 1, 1, 'Tecnología educativa y sociedad del conocimiento', 'https://rusc.uoc.edu'),
(343, 'Revista Latinoamericana de Tecnología Educativa', 'Q4', 'Espanol', 0.00, 1, 1, 'Foca tecnología educativa y herramientas digitales', 'https://relatec.unex.es'),
(344, 'Revista de Innovación Educativa y Tecnología', 'Q4', 'Espanol', 0.00, 1, 1, 'Difunde innovación didáctica con soporte tecnológico', 'https://rpmie.org/revista-innovacion-educativa-tecnologia'),
(345, 'Revista de Tecnologías de la Información', 'Q4', 'Espanol', 0.00, 1, 1, 'Trata sistemas, TIC y soluciones informáticas', 'https://www.latindex.org/latindex/ficha/25800 '),
(346, 'Revista de Informática Educativa', 'Q4', 'Espanol', 0.00, 1, 1, 'Investigación sobre informática aplicada a la educación', 'https://rieoei.org/rie/secciones'),
(347, 'Revista de Tecnología y Sociedad', 'Q4', 'Espanol', 0.00, 1, 1, 'Analiza impactos sociales y tecnológicos de la innovación', 'https://www.tecnologia-ciencia-educacion.com/index.php/TCE/inicio'),
(348, 'Revista de Sistemas y Tecnología', 'Q4', 'Espanol', 0.00, 1, 1, 'Publica estudios sobre sistemas de información y tecnología', 'https://revistas.unsa.edu.pe/index.php/rsit'),
(349, 'Revista de Ingeniería e Innovación Tecnológica', 'Q4', 'Espanol', 0.00, 1, 1, 'Investigación aplicada en ingeniería e innovación', 'https://revistas.uss.edu.pe/index.php/ING '),
(350, 'Revista Tecnología en Marcha', 'Q2', 'Espanol', 0.00, 1, 1, 'Publica investigación en ingeniería, tecnología y áreas aplicadas', 'https://revistas.tec.ac.cr/index.php/tec_marcha'),
(351, 'ReCIBE, Revista electrónica de Computación, Informática, Biomédica y Electrónica', 'Q2', 'Espanol', 0.00, 1, 1, 'Difunde estudios y desarrollos tecnológicos de corte científico-investigativo', 'https://recibe.cucei.udg.mx '),
(352, 'Ciencia, Tecnología y Salud', 'Q2', 'Espanol', 0.00, 1, 1, 'Revista académica arbitrada sobre áreas científicas, tecnológicas y de salud', 'https://revistas.usac.edu.gt/index.php/cytes '),
(353, 'Revista Iberoamericana de Tecnología en Educación y Educación en Tecnología', 'Q2', 'Espanol', 0.00, 1, 1, 'Publica resultados en tecnología educativa y educación en tecnología', 'https://teyet-revista.info.unlp.edu.ar'),
(354, 'EDUTEC, Revista Electrónica de Tecnología Educativa', 'Q2', 'Espanol', 0.00, 1, 1, 'Centrada en investigación sobre tecnología educativa e innovación docente', 'https://www.edutec.es/revista/index.php/edutec-e '),
(355, 'ICONO 14', 'Q2', 'Espanol', 0.00, 1, 1, 'Revista científica de comunicación, sociedad digital y tecnología.', 'https://icono14.net '),
(356, 'Publicaciones en Ciencias y Tecnología', 'Q2', 'Espanol', 0.00, 1, 1, 'Publica estudios científicos y tecnológicos de carácter multidisciplinario', 'https://revistas.uclave.org/index.php/pcyt '),
(357, 'Revista de Tecnología y Ciencia', 'Q2', 'Espanol', 0.00, 1, 1, 'Enfocada en resultados de investigación aplicada en tecnología', 'https://rtyc.utn.edu.ar/index.php/rtyc '),
(358, 'Revista Digital de Tecnologías Aplicadas', 'Q2', 'Espanol', 0.00, 1, 1, 'Difunde investigaciones sobre aplicaciones tecnológicas y sistemas digitales', 'https://rtyc.utn.edu.ar/index.php/rtyc '),
(359, 'Revista Iberoamericana de Sistemas, Cibernética e Informática', 'Q2', 'Espanol', 0.00, 1, 1, 'Aborda sistemas informática, control y tecnologías afines', 'https://www.iiisci.org/journal/risci ');

-- --------------------------------------------------------

--
-- Estructura de tabla para la tabla `revista_indexacion`
--

CREATE TABLE `revista_indexacion` (
  `id_revista` int(11) NOT NULL,
  `id_indexacion` int(11) NOT NULL
) ENGINE=InnoDB DEFAULT CHARSET=utf8mb4 COLLATE=utf8mb4_unicode_ci;

--
-- Volcado de datos para la tabla `revista_indexacion`
--

INSERT INTO `revista_indexacion` (`id_revista`, `id_indexacion`) VALUES
(202, 1),
(203, 1),
(339, 2),
(340, 2),
(341, 2),
(358, 2),
(345, 3),
(348, 3),
(351, 3),
(331, 4),
(332, 4),
(333, 4),
(334, 4),
(342, 4),
(343, 4),
(344, 4),
(346, 4),
(349, 4),
(355, 4),
(338, 5),
(209, 6),
(210, 6),
(273, 7),
(286, 7),
(302, 7),
(184, 8),
(185, 8),
(186, 8),
(188, 8),
(190, 8),
(192, 8),
(193, 8),
(195, 8),
(196, 8),
(197, 8),
(198, 8),
(200, 8),
(201, 8),
(202, 8),
(203, 8),
(204, 8),
(205, 8),
(206, 8),
(213, 8),
(214, 8),
(215, 8),
(216, 8),
(217, 8),
(218, 8),
(219, 8),
(220, 8),
(221, 8),
(222, 8),
(223, 8),
(224, 8),
(228, 8),
(234, 8),
(235, 8),
(236, 8),
(237, 8),
(239, 8),
(241, 8),
(242, 8),
(243, 8),
(248, 8),
(249, 8),
(250, 8),
(251, 8),
(252, 8),
(253, 8),
(254, 8),
(255, 8),
(256, 8),
(257, 8),
(258, 8),
(259, 8),
(309, 8),
(201, 9),
(269, 9),
(281, 9),
(285, 9),
(286, 9),
(299, 9),
(304, 9),
(308, 9),
(309, 9),
(334, 9),
(355, 9),
(357, 10),
(359, 10),
(184, 11),
(196, 11),
(197, 11),
(200, 11),
(209, 11),
(210, 11),
(211, 11),
(212, 11),
(213, 11),
(215, 11),
(216, 11),
(219, 11),
(225, 11),
(226, 11),
(227, 11),
(229, 11),
(230, 11),
(240, 11),
(243, 12),
(261, 12),
(267, 12),
(269, 12),
(275, 12),
(283, 12),
(285, 12),
(288, 12),
(290, 12),
(292, 12),
(294, 12),
(296, 12),
(297, 12),
(299, 12),
(300, 12),
(301, 12),
(303, 12),
(304, 12),
(307, 12),
(235, 13),
(236, 13),
(237, 13),
(238, 13),
(243, 13),
(190, 14),
(191, 14),
(205, 14),
(187, 15),
(184, 16),
(185, 16),
(186, 16),
(187, 16),
(188, 16),
(189, 16),
(190, 16),
(191, 16),
(192, 16),
(193, 16),
(194, 16),
(195, 16),
(196, 16),
(197, 16),
(198, 16),
(199, 16),
(200, 16),
(201, 16),
(202, 16),
(203, 16),
(205, 16),
(206, 16),
(207, 16),
(208, 16),
(231, 16),
(232, 16),
(233, 16),
(244, 16),
(245, 16),
(246, 16),
(247, 16),
(260, 16),
(262, 16),
(265, 16),
(267, 16),
(271, 16),
(273, 16),
(277, 16),
(279, 16),
(281, 16),
(282, 16),
(286, 16),
(288, 16),
(290, 16),
(296, 16),
(300, 16),
(302, 16),
(308, 16),
(309, 16),
(330, 16),
(335, 16),
(336, 16),
(337, 16),
(343, 16),
(344, 16),
(347, 16),
(350, 16),
(184, 17),
(188, 17),
(196, 17),
(197, 17),
(200, 17),
(201, 17),
(202, 17),
(204, 17),
(205, 17),
(206, 17),
(212, 18),
(218, 18),
(239, 18),
(240, 18),
(241, 18),
(254, 18),
(201, 19),
(185, 20),
(186, 20),
(189, 20),
(190, 20),
(191, 20),
(193, 20),
(194, 20),
(350, 21),
(352, 21),
(224, 22),
(212, 23),
(218, 23),
(236, 23),
(239, 23),
(240, 23),
(241, 23),
(242, 23),
(248, 23),
(249, 23),
(250, 23),
(252, 23),
(253, 23),
(254, 23),
(255, 23),
(256, 23),
(257, 23),
(258, 23),
(259, 23),
(204, 24),
(213, 24),
(214, 24),
(215, 24),
(216, 24),
(217, 24),
(219, 24),
(220, 24),
(221, 24),
(222, 24),
(223, 24),
(235, 24),
(241, 24),
(242, 24),
(184, 25),
(185, 25),
(186, 25),
(187, 25),
(188, 25),
(189, 25),
(196, 25),
(197, 25),
(198, 25),
(199, 25),
(200, 25),
(204, 25),
(207, 25),
(208, 25),
(209, 25),
(210, 25),
(211, 25),
(212, 25),
(213, 25),
(214, 25),
(215, 25),
(216, 25),
(217, 25),
(218, 25),
(219, 25),
(220, 25),
(221, 25),
(222, 25),
(223, 25),
(225, 25),
(226, 25),
(227, 25),
(228, 25),
(229, 25),
(230, 25),
(231, 25),
(232, 25),
(233, 25),
(234, 25),
(240, 25),
(260, 26),
(261, 26),
(262, 26),
(265, 26),
(277, 26),
(279, 26),
(294, 26),
(302, 26),
(330, 26),
(332, 26),
(333, 26),
(335, 26),
(336, 26),
(337, 26),
(310, 27),
(312, 27),
(313, 27),
(314, 27),
(315, 27),
(316, 27),
(317, 27),
(318, 27),
(320, 27),
(321, 27),
(322, 27),
(323, 27),
(324, 27),
(325, 27),
(327, 27),
(328, 27),
(329, 27),
(184, 28),
(185, 28),
(186, 28),
(187, 28),
(188, 28),
(189, 28),
(191, 28),
(192, 28),
(193, 28),
(194, 28),
(196, 28),
(197, 28),
(198, 28),
(199, 28),
(200, 28),
(201, 28),
(202, 28),
(203, 28),
(204, 28),
(205, 28),
(206, 28),
(207, 28),
(208, 28),
(231, 28),
(232, 28),
(233, 28),
(260, 28),
(261, 28),
(262, 28),
(279, 28),
(282, 28),
(283, 28),
(292, 28),
(298, 28),
(307, 28),
(190, 29),
(195, 29),
(263, 30),
(184, 31),
(185, 31),
(186, 31),
(187, 31),
(188, 31),
(189, 31),
(196, 31),
(197, 31),
(198, 31),
(199, 31),
(200, 31),
(201, 31),
(202, 31),
(203, 31),
(204, 31),
(206, 31),
(207, 31),
(208, 31),
(209, 31),
(210, 31),
(211, 31),
(212, 31),
(213, 31),
(214, 31),
(215, 31),
(216, 31),
(217, 31),
(218, 31),
(219, 31),
(220, 31),
(221, 31),
(222, 31),
(223, 31),
(224, 31),
(225, 31),
(226, 31),
(227, 31),
(228, 31),
(229, 31),
(230, 31),
(231, 31),
(232, 31),
(233, 31),
(234, 31),
(235, 31),
(236, 31),
(237, 31),
(239, 31),
(240, 31),
(241, 31),
(242, 31),
(243, 31),
(248, 31),
(249, 31),
(250, 31),
(251, 31),
(252, 31),
(253, 31),
(254, 31),
(255, 31),
(256, 31),
(257, 31),
(258, 31),
(259, 31),
(260, 31),
(261, 31),
(262, 31),
(263, 31),
(264, 31),
(265, 31),
(266, 31),
(267, 31),
(268, 31),
(269, 31),
(270, 31),
(271, 31),
(272, 31),
(273, 31),
(274, 31),
(275, 31),
(276, 31),
(277, 31),
(278, 31),
(280, 31),
(281, 31),
(282, 31),
(283, 31),
(284, 31),
(285, 31),
(287, 31),
(288, 31),
(289, 31),
(290, 31),
(291, 31),
(292, 31),
(293, 31),
(294, 31),
(295, 31),
(296, 31),
(297, 31),
(298, 31),
(299, 31),
(300, 31),
(301, 31),
(303, 31),
(304, 31),
(305, 31),
(306, 31),
(307, 31),
(308, 31),
(310, 31),
(312, 31),
(313, 31),
(314, 31),
(315, 31),
(316, 31),
(317, 31),
(318, 31),
(320, 31),
(321, 31),
(322, 31),
(323, 31),
(324, 31),
(325, 31),
(327, 31),
(328, 31),
(329, 31),
(342, 31),
(184, 32),
(186, 32),
(188, 32),
(196, 32),
(197, 32),
(198, 32),
(199, 32),
(203, 32),
(204, 32),
(208, 32),
(209, 32),
(210, 32),
(211, 32),
(212, 32),
(213, 32),
(214, 32),
(215, 32),
(216, 32),
(217, 32),
(218, 32),
(219, 32),
(220, 32),
(221, 32),
(222, 32),
(223, 32),
(224, 32),
(225, 32),
(226, 32),
(227, 32),
(228, 32),
(229, 32),
(230, 32),
(231, 32),
(232, 32),
(233, 32),
(234, 32),
(235, 32),
(236, 32),
(237, 32),
(239, 32),
(240, 32),
(241, 32),
(242, 32),
(248, 32),
(249, 32),
(250, 32),
(251, 32),
(252, 32),
(253, 32),
(254, 32),
(255, 32),
(256, 32),
(257, 32),
(258, 32),
(259, 32),
(263, 32),
(264, 32),
(266, 32),
(268, 32),
(270, 32),
(271, 32),
(272, 32),
(274, 32),
(276, 32),
(278, 32),
(280, 32),
(284, 32),
(287, 32),
(289, 32),
(291, 32),
(293, 32),
(295, 32),
(298, 32),
(305, 32),
(306, 32),
(310, 32),
(312, 32),
(313, 32),
(314, 32),
(315, 32),
(316, 32),
(317, 32),
(318, 32),
(320, 32),
(321, 32),
(322, 32),
(323, 32),
(324, 32),
(325, 32),
(327, 32),
(328, 32),
(329, 32);

-- --------------------------------------------------------

--
-- Estructura de tabla para la tabla `revista_tema`
--

CREATE TABLE `revista_tema` (
  `id_revista` int(11) NOT NULL,
  `id_tema` int(11) NOT NULL
) ENGINE=InnoDB DEFAULT CHARSET=utf8mb4 COLLATE=utf8mb4_unicode_ci;

--
-- Volcado de datos para la tabla `revista_tema`
--

INSERT INTO `revista_tema` (`id_revista`, `id_tema`) VALUES
(257, 1),
(355, 2),
(200, 3),
(242, 3),
(243, 3),
(249, 3),
(251, 3),
(254, 3),
(256, 3),
(337, 4),
(350, 4),
(248, 7),
(310, 7),
(312, 7),
(313, 7),
(314, 7),
(315, 7),
(316, 7),
(317, 7),
(320, 7),
(321, 7),
(322, 7),
(323, 7),
(324, 7),
(325, 7),
(327, 7),
(328, 7),
(330, 7),
(331, 7),
(332, 7),
(333, 7),
(334, 7),
(335, 7),
(336, 7),
(338, 7),
(339, 7),
(340, 7),
(341, 7),
(342, 7),
(343, 7),
(344, 7),
(345, 7),
(346, 7),
(347, 7),
(348, 7),
(349, 7),
(351, 7),
(352, 7),
(353, 7),
(355, 7),
(357, 7),
(358, 7),
(359, 7),
(318, 12),
(312, 13),
(313, 13),
(314, 13),
(316, 13),
(318, 13),
(320, 13),
(321, 13),
(329, 13),
(330, 13),
(331, 13),
(332, 13),
(333, 13),
(334, 13),
(335, 13),
(336, 13),
(338, 13),
(339, 13),
(343, 13),
(344, 13),
(345, 13),
(347, 13),
(348, 13),
(349, 13),
(352, 13),
(353, 13),
(357, 13),
(222, 14),
(259, 14),
(184, 15),
(196, 15),
(197, 15),
(198, 15),
(199, 15),
(204, 15),
(215, 15),
(217, 15),
(218, 15),
(219, 15),
(220, 15),
(222, 15),
(252, 16),
(253, 16),
(351, 17),
(310, 18),
(315, 18),
(317, 18),
(323, 18),
(324, 18),
(349, 18),
(184, 19),
(185, 19),
(186, 19),
(187, 19),
(188, 19),
(189, 19),
(190, 19),
(191, 19),
(192, 19),
(193, 19),
(194, 19),
(195, 19),
(196, 19),
(197, 19),
(198, 19),
(199, 19),
(200, 19),
(201, 19),
(204, 19),
(205, 19),
(206, 19),
(207, 19),
(208, 19),
(209, 19),
(210, 19),
(211, 19),
(212, 19),
(213, 19),
(215, 19),
(216, 19),
(217, 19),
(218, 19),
(219, 19),
(220, 19),
(221, 19),
(222, 19),
(223, 19),
(225, 19),
(226, 19),
(229, 19),
(230, 19),
(231, 19),
(232, 19),
(233, 19),
(234, 19),
(239, 19),
(250, 19),
(351, 19),
(352, 19),
(214, 20),
(218, 20),
(235, 20),
(236, 20),
(237, 20),
(238, 20),
(240, 20),
(241, 20),
(244, 20),
(245, 20),
(246, 20),
(247, 20),
(322, 20),
(331, 20),
(347, 20),
(348, 20),
(353, 20),
(193, 21),
(255, 21),
(202, 22),
(203, 22),
(188, 25),
(224, 25),
(258, 25),
(276, 25),
(227, 26),
(228, 26),
(260, 26),
(261, 26),
(262, 26),
(263, 26),
(264, 26),
(265, 26),
(266, 26),
(267, 26),
(268, 26),
(269, 26),
(270, 26),
(271, 26),
(272, 26),
(273, 26),
(274, 26),
(275, 26),
(277, 26),
(278, 26),
(279, 26),
(280, 26),
(281, 26),
(282, 26),
(283, 26),
(284, 26),
(285, 26),
(286, 26),
(287, 26),
(288, 26),
(289, 26),
(290, 26),
(291, 26),
(292, 26),
(293, 26),
(294, 26),
(295, 26),
(296, 26),
(297, 26),
(298, 26),
(299, 26),
(300, 26),
(301, 26),
(302, 26),
(303, 26),
(304, 26),
(305, 26),
(306, 26),
(307, 26),
(308, 26),
(309, 26),
(325, 26),
(337, 26),
(340, 26),
(341, 26),
(342, 26),
(346, 26),
(350, 26),
(355, 26),
(357, 26),
(358, 26),
(359, 26);

-- --------------------------------------------------------

--
-- Estructura de tabla para la tabla `sugerencias`
--

CREATE TABLE `sugerencias` (
  `id` int(11) NOT NULL,
  `tipo_problema` enum('Revista','Comentario','Problema') NOT NULL,
  `nombre` varchar(80) NOT NULL,
  `enlace` varchar(200) DEFAULT '',
  `detalles` text NOT NULL,
  `fecha_envio` datetime DEFAULT current_timestamp()
) ENGINE=InnoDB DEFAULT CHARSET=utf8mb4 COLLATE=utf8mb4_unicode_ci;

--
-- Volcado de datos para la tabla `sugerencias`
--

INSERT INTO `sugerencias` (`id`, `tipo_problema`, `nombre`, `enlace`, `detalles`, `fecha_envio`) VALUES
(1, 'Comentario', 'Prueba de comentario', '', 'probando si funciona', '2026-07-13 11:18:49'),
(2, 'Revista', 'jdiiw', 'https://gabo', 'njcbobeq uebofbq', '2026-07-13 11:31:53');

-- --------------------------------------------------------

--
-- Estructura de tabla para la tabla `temas`
--

CREATE TABLE `temas` (
  `id` int(11) NOT NULL,
  `tema` varchar(100) NOT NULL
) ENGINE=InnoDB DEFAULT CHARSET=utf8mb4 COLLATE=utf8mb4_unicode_ci;

--
-- Volcado de datos para la tabla `temas`
--

INSERT INTO `temas` (`id`, `tema`) VALUES
(1, 'Agricultural and Biological Sciences'),
(2, 'Arts and Humanities'),
(3, 'Biochemistry, Genetics and Molecular Biology'),
(4, 'Business, Management and Accounting'),
(5, 'Chemical Engineering'),
(6, 'Chemistry'),
(7, 'Computer Science'),
(8, 'Decision Sciences'),
(9, 'Dentistry'),
(10, 'Earth and Planetary Sciences'),
(11, 'Economics, Econometrics and Finance'),
(12, 'Energy'),
(13, 'Engineering'),
(14, 'Environmental Science'),
(15, 'Health Professions'),
(16, 'Immunology and Microbiology'),
(17, 'Materials Science'),
(18, 'Mathematics'),
(19, 'Medicine'),
(20, 'Multidisciplinary'),
(21, 'Neuroscience'),
(22, 'Nursing'),
(23, 'Pharmacology, Toxicology and Pharmaceutics'),
(24, 'Physics and Astronomy'),
(25, 'Psychology'),
(26, 'Social Sciences'),
(27, 'Veterinary');

-- --------------------------------------------------------

--
-- Estructura de tabla para la tabla `vista_revistas`
--

CREATE ALGORITHM=UNDEFINED DEFINER=`u583236171_rev`@`127.0.0.1` SQL SECURITY DEFINER VIEW `vista_revistas`  AS SELECT `r`.`id` AS `id`, `r`.`titulo_revista` AS `titulo_revista`, `r`.`cuartil` AS `cuartil`, `r`.`idioma` AS `idioma`, `r`.`costo` AS `costo`, `r`.`open_access` AS `open_access`, `r`.`arbitrada` AS `arbitrada`, `r`.`descripcion` AS `descripcion`, `r`.`enlace` AS `enlace`, `t`.`tema` AS `tema_principal`, group_concat(distinct `t2`.`tema` order by `t2`.`tema` ASC separator ', ') AS `todos_temas`, group_concat(distinct `i`.`indexacion` order by `i`.`indexacion` ASC separator ', ') AS `indexaciones` FROM (((((`revistas` `r` left join `temas` `t` on(`t`.`id` = `r`.`id_tema`)) left join `revista_tema` `rt` on(`rt`.`id_revista` = `r`.`id`)) left join `temas` `t2` on(`t2`.`id` = `rt`.`id_tema`)) left join `revista_indexacion` `ri` on(`ri`.`id_revista` = `r`.`id`)) left join `indexaciones` `i` on(`i`.`id` = `ri`.`id_indexacion`)) GROUP BY `r`.`id` ;
-- Error leyendo datos de la tabla u583236171_rev.vista_revistas: #1064 - Existe un error en su sintaxis SQL; revise el manual que se corresponde con su versión del servidor MariaDB para averiguar la sintaxis correcta a utilizar cerca de 'FROM `u583236171_rev`.`vista_revistas`' en la línea 1

--
-- Índices para tablas volcadas
--

--
-- Indices de la tabla `administrador`
--
ALTER TABLE `administrador`
  ADD PRIMARY KEY (`nombre_usuario`);

--
-- Indices de la tabla `indexaciones`
--
ALTER TABLE `indexaciones`
  ADD PRIMARY KEY (`id`);

--
-- Indices de la tabla `revistas`
--
ALTER TABLE `revistas`
  ADD PRIMARY KEY (`id`);

--
-- Indices de la tabla `revista_indexacion`
--
ALTER TABLE `revista_indexacion`
  ADD PRIMARY KEY (`id_revista`,`id_indexacion`),
  ADD KEY `id_indexacion` (`id_indexacion`);

--
-- Indices de la tabla `revista_tema`
--
ALTER TABLE `revista_tema`
  ADD PRIMARY KEY (`id_revista`,`id_tema`),
  ADD KEY `id_tema` (`id_tema`);

--
-- Indices de la tabla `sugerencias`
--
ALTER TABLE `sugerencias`
  ADD PRIMARY KEY (`id`);

--
-- Indices de la tabla `temas`
--
ALTER TABLE `temas`
  ADD PRIMARY KEY (`id`),
  ADD UNIQUE KEY `tema` (`tema`);

--
-- AUTO_INCREMENT de las tablas volcadas
--

--
-- AUTO_INCREMENT de la tabla `indexaciones`
--
ALTER TABLE `indexaciones`
  MODIFY `id` int(11) NOT NULL AUTO_INCREMENT, AUTO_INCREMENT=97;

--
-- AUTO_INCREMENT de la tabla `revistas`
--
ALTER TABLE `revistas`
  MODIFY `id` int(11) NOT NULL AUTO_INCREMENT, AUTO_INCREMENT=360;

--
-- AUTO_INCREMENT de la tabla `sugerencias`
--
ALTER TABLE `sugerencias`
  MODIFY `id` int(11) NOT NULL AUTO_INCREMENT, AUTO_INCREMENT=3;

--
-- AUTO_INCREMENT de la tabla `temas`
--
ALTER TABLE `temas`
  MODIFY `id` int(11) NOT NULL AUTO_INCREMENT, AUTO_INCREMENT=109;

--
-- Restricciones para tablas volcadas
--

--
-- Filtros para la tabla `revista_indexacion`
--
ALTER TABLE `revista_indexacion`
  ADD CONSTRAINT `revista_indexacion_ibfk_1` FOREIGN KEY (`id_revista`) REFERENCES `revistas` (`id`) ON DELETE CASCADE,
  ADD CONSTRAINT `revista_indexacion_ibfk_2` FOREIGN KEY (`id_indexacion`) REFERENCES `indexaciones` (`id`) ON DELETE CASCADE;

--
-- Filtros para la tabla `revista_tema`
--
ALTER TABLE `revista_tema`
  ADD CONSTRAINT `revista_tema_ibfk_1` FOREIGN KEY (`id_revista`) REFERENCES `revistas` (`id`) ON DELETE CASCADE,
  ADD CONSTRAINT `revista_tema_ibfk_2` FOREIGN KEY (`id_tema`) REFERENCES `temas` (`id`) ON DELETE CASCADE;
COMMIT;

/*!40101 SET CHARACTER_SET_CLIENT=@OLD_CHARACTER_SET_CLIENT */;
/*!40101 SET CHARACTER_SET_RESULTS=@OLD_CHARACTER_SET_RESULTS */;
/*!40101 SET COLLATION_CONNECTION=@OLD_COLLATION_CONNECTION */;
